{
  "hints": [
    {
      "values": [
        {
          "value": "db2"
        },
        {
          "value": "postgresql"
        },
        {
          "value": "sqlserver"
        },
        {
          "value": "oracle"
        },
        {
          "value": "AliOracle"
        },
        {
          "value": "mysql"
        },
        {
          "value": "mariadb"
        },
        {
          "value": "hive"
        },
        {
          "value": "h2"
        },
        {
          "value": "dm"
        },
        {
          "value": "kingbase"
        },
        {
          "value": "oceanbase"
        },
        {
          "value": "xugu"
        },
        {
          "value": "odps"
        },
        {
          "value": "teradata"
        },
        {
          "value": "log4jdbc"
        },
        {
          "value": "phoenix"
        },
        {
          "value": "edb"
        },
        {
          "value": "kylin"
        },
        {
          "value": "sqlite"
        }
      ],
      "name": "spring.datasource.druid.filter.stat.db-type"
    },
    {
      "values": [
        {
          "value": "db2"
        },
        {
          "value": "postgresql"
        },
        {
          "value": "sqlserver"
        },
        {
          "value": "oracle"
        },
        {
          "value": "AliOracle"
        },
        {
          "value": "mysql"
        },
        {
          "value": "mariadb"
        },
        {
          "value": "hive"
        },
        {
          "value": "h2"
        },
        {
          "value": "dm"
        },
        {
          "value": "kingbase"
        },
        {
          "value": "oceanbase"
        },
        {
          "value": "xugu"
        },
        {
          "value": "odps"
        },
        {
          "value": "teradata"
        },
        {
          "value": "log4jdbc"
        },
        {
          "value": "phoenix"
        },
        {
          "value": "edb"
        },
        {
          "value": "kylin"
        },
        {
          "value": "sqlite"
        }
      ],
      "name": "spring.datasource.druid.filter.wall.db-type"
    }
  ],
  "groups": [
    {
      "sourceType": "com.duoqio.cloud.datasource.druid.autoconfigure.DruidDataSourceWrapper",
      "name": "spring.datasource.druid",
      "type": "com.duoqio.cloud.datasource.druid.autoconfigure.DruidDataSourceWrapper"
    },
    {
      "sourceType": "com.duoqio.cloud.datasource.druid.properties.DruidStatProperties",
      "name": "spring.datasource.druid",
      "type": "com.duoqio.cloud.datasource.druid.properties.DruidStatProperties"
    },
    {
      "sourceType": "com.duoqio.cloud.datasource.druid.stat.DruidFilterConfiguration",
      "name": "spring.datasource.druid.filter.commons-log",
      "sourceMethod": "commonsLogFilter()",
      "type": "com.alibaba.druid.filter.logging.CommonsLogFilter"
    },
    {
      "sourceType": "com.duoqio.cloud.datasource.druid.stat.DruidFilterConfiguration",
      "name": "spring.datasource.druid.filter.config",
      "sourceMethod": "configFilter()",
      "type": "com.alibaba.druid.filter.config.ConfigFilter"
    },
    {
      "sourceType": "com.duoqio.cloud.datasource.druid.stat.DruidFilterConfiguration",
      "name": "spring.datasource.druid.filter.encoding",
      "sourceMethod": "encodingConvertFilter()",
      "type": "com.alibaba.druid.filter.encoding.EncodingConvertFilter"
    },
    {
      "sourceType": "com.duoqio.cloud.datasource.druid.stat.DruidFilterConfiguration",
      "name": "spring.datasource.druid.filter.log4j",
      "sourceMethod": "log4jFilter()",
      "type": "com.alibaba.druid.filter.logging.Log4jFilter"
    },
    {
      "sourceType": "com.duoqio.cloud.datasource.druid.stat.DruidFilterConfiguration",
      "name": "spring.datasource.druid.filter.log4j2",
      "sourceMethod": "log4j2Filter()",
      "type": "com.alibaba.druid.filter.logging.Log4j2Filter"
    },
    {
      "sourceType": "com.duoqio.cloud.datasource.druid.stat.DruidFilterConfiguration",
      "name": "spring.datasource.druid.filter.slf4j",
      "sourceMethod": "slf4jLogFilter()",
      "type": "com.alibaba.druid.filter.logging.Slf4jLogFilter"
    },
    {
      "sourceType": "com.duoqio.cloud.datasource.druid.stat.DruidFilterConfiguration",
      "name": "spring.datasource.druid.filter.stat",
      "sourceMethod": "statFilter()",
      "type": "com.alibaba.druid.filter.stat.StatFilter"
    },
    {
      "sourceType": "com.duoqio.cloud.datasource.druid.stat.DruidFilterConfiguration",
      "name": "spring.datasource.druid.filter.wall",
      "sourceMethod": "wallFilter(com.alibaba.druid.wall.WallConfig)",
      "type": "com.alibaba.druid.wall.WallFilter"
    },
    {
      "sourceType": "com.duoqio.cloud.datasource.druid.stat.DruidFilterConfiguration",
      "name": "spring.datasource.druid.filter.wall.config",
      "sourceMethod": "wallConfig()",
      "type": "com.alibaba.druid.wall.WallConfig"
    },
    {
      "sourceType": "com.alibaba.druid.wall.WallConfig",
      "name": "spring.datasource.druid.filter.wall.config.tenant-call-back",
      "sourceMethod": "getTenantCallBack()",
      "type": "com.alibaba.druid.wall.WallConfig$TenantCallBack"
    },
    {
      "sourceType": "com.duoqio.cloud.datasource.druid.properties.DruidStatProperties",
      "name": "spring.datasource.druid.stat-view-servlet",
      "sourceMethod": "getStatViewServlet()",
      "type": "com.duoqio.cloud.datasource.druid.properties.DruidStatProperties$StatViewServlet"
    },
    {
      "sourceType": "com.duoqio.cloud.datasource.druid.properties.DruidStatProperties",
      "name": "spring.datasource.druid.web-stat-filter",
      "sourceMethod": "getWebStatFilter()",
      "type": "com.duoqio.cloud.datasource.druid.properties.DruidStatProperties$WebStatFilter"
    }
  ],
  "properties": [
    {
      "sourceType": "com.duoqio.cloud.datasource.druid.autoconfigure.DruidDataSourceWrapper",
      "name": "spring.datasource.druid.access-to-underlying-connection-allowed",
      "type": "java.lang.Boolean"
    },
    {
      "sourceType": "com.duoqio.cloud.datasource.druid.autoconfigure.DruidDataSourceWrapper",
      "name": "spring.datasource.druid.active-connection-stack-trace",
      "type": "java.util.List<java.lang.String>"
    },
    {
      "sourceType": "com.duoqio.cloud.datasource.druid.autoconfigure.DruidDataSourceWrapper",
      "name": "spring.datasource.druid.active-connections",
      "type": "java.util.Set<com.alibaba.druid.pool.DruidPooledConnection>"
    },
    {
      "sourceType": "com.duoqio.cloud.datasource.druid.properties.DruidStatProperties",
      "name": "spring.datasource.druid.aop-patterns",
      "type": "java.lang.String[]"
    },
    {
      "sourceType": "com.duoqio.cloud.datasource.druid.autoconfigure.DruidDataSourceWrapper",
      "name": "spring.datasource.druid.async-close-connection-enable",
      "type": "java.lang.Boolean"
    },
    {
      "sourceType": "com.duoqio.cloud.datasource.druid.autoconfigure.DruidDataSourceWrapper",
      "name": "spring.datasource.druid.async-init",
      "type": "java.lang.Boolean"
    },
    {
      "sourceType": "com.duoqio.cloud.datasource.druid.autoconfigure.DruidDataSourceWrapper",
      "name": "spring.datasource.druid.break-after-acquire-failure",
      "type": "java.lang.Boolean"
    },
    {
      "sourceType": "com.duoqio.cloud.datasource.druid.autoconfigure.DruidDataSourceWrapper",
      "name": "spring.datasource.druid.clear-filters-enable",
      "type": "java.lang.Boolean"
    },
    {
      "sourceType": "com.duoqio.cloud.datasource.druid.autoconfigure.DruidDataSourceWrapper",
      "name": "spring.datasource.druid.connect-properties",
      "type": "java.util.Properties"
    },
    {
      "sourceType": "com.duoqio.cloud.datasource.druid.autoconfigure.DruidDataSourceWrapper",
      "name": "spring.datasource.druid.connection-error-retry-attempts",
      "type": "java.lang.Integer"
    },
    {
      "sourceType": "com.duoqio.cloud.datasource.druid.autoconfigure.DruidDataSourceWrapper",
      "name": "spring.datasource.druid.connection-init-sqls",
      "type": "java.util.Collection<java.lang.String>"
    },
    {
      "sourceType": "com.alibaba.druid.pool.DruidDataSource",
      "name": "spring.datasource.druid.connection-properties",
      "type": "java.lang.String"
    },
    {
      "sourceType": "com.duoqio.cloud.datasource.druid.autoconfigure.DruidDataSourceWrapper",
      "name": "spring.datasource.druid.create-scheduler",
      "type": "java.util.concurrent.ScheduledExecutorService"
    },
    {
      "sourceType": "com.duoqio.cloud.datasource.druid.autoconfigure.DruidDataSourceWrapper",
      "name": "spring.datasource.druid.db-type",
      "type": "java.lang.String"
    },
    {
      "sourceType": "com.duoqio.cloud.datasource.druid.autoconfigure.DruidDataSourceWrapper",
      "name": "spring.datasource.druid.default-auto-commit",
      "type": "java.lang.Boolean"
    },
    {
      "sourceType": "com.duoqio.cloud.datasource.druid.autoconfigure.DruidDataSourceWrapper",
      "name": "spring.datasource.druid.default-catalog",
      "type": "java.lang.String"
    },
    {
      "sourceType": "com.duoqio.cloud.datasource.druid.autoconfigure.DruidDataSourceWrapper",
      "name": "spring.datasource.druid.default-read-only",
      "type": "java.lang.Boolean"
    },
    {
      "sourceType": "com.duoqio.cloud.datasource.druid.autoconfigure.DruidDataSourceWrapper",
      "name": "spring.datasource.druid.default-transaction-isolation",
      "type": "java.lang.Integer"
    },
    {
      "sourceType": "com.duoqio.cloud.datasource.druid.autoconfigure.DruidDataSourceWrapper",
      "name": "spring.datasource.druid.destroy-scheduler",
      "type": "java.util.concurrent.ScheduledExecutorService"
    },
    {
      "sourceType": "com.duoqio.cloud.datasource.druid.autoconfigure.DruidDataSourceWrapper",
      "name": "spring.datasource.druid.driver",
      "type": "java.sql.Driver"
    },
    {
      "sourceType": "com.duoqio.cloud.datasource.druid.autoconfigure.DruidDataSourceWrapper",
      "name": "spring.datasource.druid.driver-class-name",
      "type": "java.lang.String"
    },
    {
      "sourceType": "com.duoqio.cloud.datasource.druid.autoconfigure.DruidDataSourceWrapper",
      "name": "spring.datasource.druid.dup-close-log-enable",
      "type": "java.lang.Boolean"
    },
    {
      "sourceType": "com.duoqio.cloud.datasource.druid.autoconfigure.DruidDataSourceWrapper",
      "name": "spring.datasource.druid.enable",
      "type": "java.lang.Boolean"
    },
    {
      "sourceType": "com.duoqio.cloud.datasource.druid.autoconfigure.DruidDataSourceWrapper",
      "name": "spring.datasource.druid.exception-sorter",
      "type": "com.alibaba.druid.pool.ExceptionSorter"
    },
    {
      "sourceType": "com.duoqio.cloud.datasource.druid.autoconfigure.DruidDataSourceWrapper",
      "name": "spring.datasource.druid.exception-sorter-class-name",
      "type": "java.lang.String"
    },
    {
      "sourceType": "com.duoqio.cloud.datasource.druid.autoconfigure.DruidDataSourceWrapper",
      "name": "spring.datasource.druid.fail-fast",
      "type": "java.lang.Boolean"
    },
    {
      "sourceType": "com.duoqio.cloud.datasource.druid.autoconfigure.DruidDataSourceWrapper",
      "name": "spring.datasource.druid.filter-class-names",
      "type": "java.util.List<java.lang.String>"
    },
    {
      "sourceType": "com.alibaba.druid.filter.logging.CommonsLogFilter",
      "name": "spring.datasource.druid.filter.commons-log.connection-close-after-log-enabled",
      "type": "java.lang.Boolean"
    },
    {
      "sourceType": "com.alibaba.druid.filter.logging.CommonsLogFilter",
      "name": "spring.datasource.druid.filter.commons-log.connection-commit-after-log-enabled",
      "type": "java.lang.Boolean"
    },
    {
      "sourceType": "com.alibaba.druid.filter.logging.CommonsLogFilter",
      "name": "spring.datasource.druid.filter.commons-log.connection-connect-after-log-enabled",
      "type": "java.lang.Boolean"
    },
    {
      "sourceType": "com.alibaba.druid.filter.logging.CommonsLogFilter",
      "name": "spring.datasource.druid.filter.commons-log.connection-connect-before-log-enabled",
      "type": "java.lang.Boolean"
    },
    {
      "sourceType": "com.alibaba.druid.filter.logging.CommonsLogFilter",
      "name": "spring.datasource.druid.filter.commons-log.connection-log-enabled",
      "type": "java.lang.Boolean"
    },
    {
      "sourceType": "com.alibaba.druid.filter.logging.CommonsLogFilter",
      "name": "spring.datasource.druid.filter.commons-log.connection-log-error-enabled",
      "type": "java.lang.Boolean"
    },
    {
      "sourceType": "com.alibaba.druid.filter.logging.CommonsLogFilter",
      "name": "spring.datasource.druid.filter.commons-log.connection-logger-name",
      "type": "java.lang.String"
    },
    {
      "sourceType": "com.alibaba.druid.filter.logging.CommonsLogFilter",
      "name": "spring.datasource.druid.filter.commons-log.connection-rollback-after-log-enabled",
      "type": "java.lang.Boolean"
    },
    {
      "sourceType": "com.alibaba.druid.filter.logging.CommonsLogFilter",
      "name": "spring.datasource.druid.filter.commons-log.data-source-log-enabled",
      "type": "java.lang.Boolean"
    },
    {
      "sourceType": "com.alibaba.druid.filter.logging.CommonsLogFilter",
      "name": "spring.datasource.druid.filter.commons-log.data-source-logger-name",
      "type": "java.lang.String"
    },
    {
      "sourceType": "com.duoqio.cloud.datasource.druid.stat.DruidFilterConfiguration",
      "defaultValue": false,
      "name": "spring.datasource.druid.filter.commons-log.enabled",
      "description": "Enable CommonsLogFilter.",
      "type": "java.lang.Boolean"
    },
    {
      "sourceType": "com.alibaba.druid.filter.logging.CommonsLogFilter",
      "name": "spring.datasource.druid.filter.commons-log.result-set-close-after-log-enabled",
      "type": "java.lang.Boolean"
    },
    {
      "sourceType": "com.alibaba.druid.filter.logging.CommonsLogFilter",
      "name": "spring.datasource.druid.filter.commons-log.result-set-log-enabled",
      "type": "java.lang.Boolean"
    },
    {
      "sourceType": "com.alibaba.druid.filter.logging.CommonsLogFilter",
      "name": "spring.datasource.druid.filter.commons-log.result-set-log-error-enabled",
      "type": "java.lang.Boolean"
    },
    {
      "sourceType": "com.alibaba.druid.filter.logging.CommonsLogFilter",
      "name": "spring.datasource.druid.filter.commons-log.result-set-logger-name",
      "type": "java.lang.String"
    },
    {
      "sourceType": "com.alibaba.druid.filter.logging.CommonsLogFilter",
      "name": "spring.datasource.druid.filter.commons-log.result-set-next-after-log-enabled",
      "type": "java.lang.Boolean"
    },
    {
      "sourceType": "com.alibaba.druid.filter.logging.CommonsLogFilter",
      "name": "spring.datasource.druid.filter.commons-log.result-set-open-after-log-enabled",
      "type": "java.lang.Boolean"
    },
    {
      "sourceType": "com.alibaba.druid.filter.logging.CommonsLogFilter",
      "name": "spring.datasource.druid.filter.commons-log.statement-close-after-log-enabled",
      "type": "java.lang.Boolean"
    },
    {
      "sourceType": "com.alibaba.druid.filter.logging.CommonsLogFilter",
      "name": "spring.datasource.druid.filter.commons-log.statement-create-after-log-enabled",
      "type": "java.lang.Boolean"
    },
    {
      "sourceType": "com.alibaba.druid.filter.logging.CommonsLogFilter",
      "name": "spring.datasource.druid.filter.commons-log.statement-executable-sql-log-enable",
      "type": "java.lang.Boolean"
    },
    {
      "sourceType": "com.alibaba.druid.filter.logging.CommonsLogFilter",
      "name": "spring.datasource.druid.filter.commons-log.statement-execute-after-log-enabled",
      "type": "java.lang.Boolean"
    },
    {
      "sourceType": "com.alibaba.druid.filter.logging.CommonsLogFilter",
      "name": "spring.datasource.druid.filter.commons-log.statement-execute-batch-after-log-enabled",
      "type": "java.lang.Boolean"
    },
    {
      "sourceType": "com.alibaba.druid.filter.logging.CommonsLogFilter",
      "name": "spring.datasource.druid.filter.commons-log.statement-execute-query-after-log-enabled",
      "type": "java.lang.Boolean"
    },
    {
      "sourceType": "com.alibaba.druid.filter.logging.CommonsLogFilter",
      "name": "spring.datasource.druid.filter.commons-log.statement-execute-update-after-log-enabled",
      "type": "java.lang.Boolean"
    },
    {
      "sourceType": "com.alibaba.druid.filter.logging.CommonsLogFilter",
      "name": "spring.datasource.druid.filter.commons-log.statement-log-enabled",
      "type": "java.lang.Boolean"
    },
    {
      "sourceType": "com.alibaba.druid.filter.logging.CommonsLogFilter",
      "name": "spring.datasource.druid.filter.commons-log.statement-log-error-enabled",
      "type": "java.lang.Boolean"
    },
    {
      "sourceType": "com.alibaba.druid.filter.logging.CommonsLogFilter",
      "name": "spring.datasource.druid.filter.commons-log.statement-logger-name",
      "type": "java.lang.String"
    },
    {
      "sourceType": "com.alibaba.druid.filter.logging.CommonsLogFilter",
      "name": "spring.datasource.druid.filter.commons-log.statement-parameter-clear-log-enable",
      "type": "java.lang.Boolean"
    },
    {
      "sourceType": "com.alibaba.druid.filter.logging.CommonsLogFilter",
      "name": "spring.datasource.druid.filter.commons-log.statement-parameter-set-log-enabled",
      "type": "java.lang.Boolean"
    },
    {
      "sourceType": "com.alibaba.druid.filter.logging.CommonsLogFilter",
      "name": "spring.datasource.druid.filter.commons-log.statement-prepare-after-log-enabled",
      "type": "java.lang.Boolean"
    },
    {
      "sourceType": "com.alibaba.druid.filter.logging.CommonsLogFilter",
      "name": "spring.datasource.druid.filter.commons-log.statement-prepare-call-after-log-enabled",
      "type": "java.lang.Boolean"
    },
    {
      "sourceType": "com.alibaba.druid.filter.logging.CommonsLogFilter",
      "name": "spring.datasource.druid.filter.commons-log.statement-sql-format-option",
      "type": "com.alibaba.druid.sql.SQLUtils$FormatOption"
    },
    {
      "sourceType": "com.alibaba.druid.filter.logging.CommonsLogFilter",
      "name": "spring.datasource.druid.filter.commons-log.statement-sql-pretty-format",
      "type": "java.lang.Boolean"
    },
    {
      "sourceType": "com.duoqio.cloud.datasource.druid.stat.DruidFilterConfiguration",
      "defaultValue": false,
      "name": "spring.datasource.druid.filter.config.enabled",
      "description": "Enable ConfigFilter.",
      "type": "java.lang.Boolean"
    },
    {
      "sourceType": "com.duoqio.cloud.datasource.druid.stat.DruidFilterConfiguration",
      "defaultValue": false,
      "name": "spring.datasource.druid.filter.encoding.enabled",
      "description": "Enable EncodingConvertFilter.",
      "type": "java.lang.Boolean"
    },
    {
      "sourceType": "com.alibaba.druid.filter.logging.Log4jFilter",
      "name": "spring.datasource.druid.filter.log4j.connection-close-after-log-enabled",
      "type": "java.lang.Boolean"
    },
    {
      "sourceType": "com.alibaba.druid.filter.logging.Log4jFilter",
      "name": "spring.datasource.druid.filter.log4j.connection-commit-after-log-enabled",
      "type": "java.lang.Boolean"
    },
    {
      "sourceType": "com.alibaba.druid.filter.logging.Log4jFilter",
      "name": "spring.datasource.druid.filter.log4j.connection-connect-after-log-enabled",
      "type": "java.lang.Boolean"
    },
    {
      "sourceType": "com.alibaba.druid.filter.logging.Log4jFilter",
      "name": "spring.datasource.druid.filter.log4j.connection-connect-before-log-enabled",
      "type": "java.lang.Boolean"
    },
    {
      "sourceType": "com.alibaba.druid.filter.logging.Log4jFilter",
      "name": "spring.datasource.druid.filter.log4j.connection-log-enabled",
      "type": "java.lang.Boolean"
    },
    {
      "sourceType": "com.alibaba.druid.filter.logging.Log4jFilter",
      "name": "spring.datasource.druid.filter.log4j.connection-log-error-enabled",
      "type": "java.lang.Boolean"
    },
    {
      "sourceType": "com.alibaba.druid.filter.logging.Log4jFilter",
      "name": "spring.datasource.druid.filter.log4j.connection-logger-name",
      "type": "java.lang.String"
    },
    {
      "sourceType": "com.alibaba.druid.filter.logging.Log4jFilter",
      "name": "spring.datasource.druid.filter.log4j.connection-rollback-after-log-enabled",
      "type": "java.lang.Boolean"
    },
    {
      "sourceType": "com.alibaba.druid.filter.logging.Log4jFilter",
      "name": "spring.datasource.druid.filter.log4j.data-source-log-enabled",
      "type": "java.lang.Boolean"
    },
    {
      "sourceType": "com.alibaba.druid.filter.logging.Log4jFilter",
      "name": "spring.datasource.druid.filter.log4j.data-source-logger-name",
      "type": "java.lang.String"
    },
    {
      "sourceType": "com.duoqio.cloud.datasource.druid.stat.DruidFilterConfiguration",
      "defaultValue": false,
      "name": "spring.datasource.druid.filter.log4j.enabled",
      "description": "Enable Log4jFilter.",
      "type": "java.lang.Boolean"
    },
    {
      "sourceType": "com.alibaba.druid.filter.logging.Log4jFilter",
      "name": "spring.datasource.druid.filter.log4j.result-set-close-after-log-enabled",
      "type": "java.lang.Boolean"
    },
    {
      "sourceType": "com.alibaba.druid.filter.logging.Log4jFilter",
      "name": "spring.datasource.druid.filter.log4j.result-set-log-enabled",
      "type": "java.lang.Boolean"
    },
    {
      "sourceType": "com.alibaba.druid.filter.logging.Log4jFilter",
      "name": "spring.datasource.druid.filter.log4j.result-set-log-error-enabled",
      "type": "java.lang.Boolean"
    },
    {
      "sourceType": "com.alibaba.druid.filter.logging.Log4jFilter",
      "name": "spring.datasource.druid.filter.log4j.result-set-logger-name",
      "type": "java.lang.String"
    },
    {
      "sourceType": "com.alibaba.druid.filter.logging.Log4jFilter",
      "name": "spring.datasource.druid.filter.log4j.result-set-next-after-log-enabled",
      "type": "java.lang.Boolean"
    },
    {
      "sourceType": "com.alibaba.druid.filter.logging.Log4jFilter",
      "name": "spring.datasource.druid.filter.log4j.result-set-open-after-log-enabled",
      "type": "java.lang.Boolean"
    },
    {
      "sourceType": "com.alibaba.druid.filter.logging.Log4jFilter",
      "name": "spring.datasource.druid.filter.log4j.statement-close-after-log-enabled",
      "type": "java.lang.Boolean"
    },
    {
      "sourceType": "com.alibaba.druid.filter.logging.Log4jFilter",
      "name": "spring.datasource.druid.filter.log4j.statement-create-after-log-enabled",
      "type": "java.lang.Boolean"
    },
    {
      "sourceType": "com.alibaba.druid.filter.logging.Log4jFilter",
      "name": "spring.datasource.druid.filter.log4j.statement-executable-sql-log-enable",
      "type": "java.lang.Boolean"
    },
    {
      "sourceType": "com.alibaba.druid.filter.logging.Log4jFilter",
      "name": "spring.datasource.druid.filter.log4j.statement-execute-after-log-enabled",
      "type": "java.lang.Boolean"
    },
    {
      "sourceType": "com.alibaba.druid.filter.logging.Log4jFilter",
      "name": "spring.datasource.druid.filter.log4j.statement-execute-batch-after-log-enabled",
      "type": "java.lang.Boolean"
    },
    {
      "sourceType": "com.alibaba.druid.filter.logging.Log4jFilter",
      "name": "spring.datasource.druid.filter.log4j.statement-execute-query-after-log-enabled",
      "type": "java.lang.Boolean"
    },
    {
      "sourceType": "com.alibaba.druid.filter.logging.Log4jFilter",
      "name": "spring.datasource.druid.filter.log4j.statement-execute-update-after-log-enabled",
      "type": "java.lang.Boolean"
    },
    {
      "sourceType": "com.alibaba.druid.filter.logging.Log4jFilter",
      "name": "spring.datasource.druid.filter.log4j.statement-log-enabled",
      "type": "java.lang.Boolean"
    },
    {
      "sourceType": "com.alibaba.druid.filter.logging.Log4jFilter",
      "name": "spring.datasource.druid.filter.log4j.statement-log-error-enabled",
      "type": "java.lang.Boolean"
    },
    {
      "sourceType": "com.alibaba.druid.filter.logging.Log4jFilter",
      "name": "spring.datasource.druid.filter.log4j.statement-logger-name",
      "type": "java.lang.String"
    },
    {
      "sourceType": "com.alibaba.druid.filter.logging.Log4jFilter",
      "name": "spring.datasource.druid.filter.log4j.statement-parameter-clear-log-enable",
      "type": "java.lang.Boolean"
    },
    {
      "sourceType": "com.alibaba.druid.filter.logging.Log4jFilter",
      "name": "spring.datasource.druid.filter.log4j.statement-parameter-set-log-enabled",
      "type": "java.lang.Boolean"
    },
    {
      "sourceType": "com.alibaba.druid.filter.logging.Log4jFilter",
      "name": "spring.datasource.druid.filter.log4j.statement-prepare-after-log-enabled",
      "type": "java.lang.Boolean"
    },
    {
      "sourceType": "com.alibaba.druid.filter.logging.Log4jFilter",
      "name": "spring.datasource.druid.filter.log4j.statement-prepare-call-after-log-enabled",
      "type": "java.lang.Boolean"
    },
    {
      "sourceType": "com.alibaba.druid.filter.logging.Log4jFilter",
      "name": "spring.datasource.druid.filter.log4j.statement-sql-format-option",
      "type": "com.alibaba.druid.sql.SQLUtils$FormatOption"
    },
    {
      "sourceType": "com.alibaba.druid.filter.logging.Log4jFilter",
      "name": "spring.datasource.druid.filter.log4j.statement-sql-pretty-format",
      "type": "java.lang.Boolean"
    },
    {
      "sourceType": "com.alibaba.druid.filter.logging.Log4j2Filter",
      "name": "spring.datasource.druid.filter.log4j2.connection-close-after-log-enabled",
      "type": "java.lang.Boolean"
    },
    {
      "sourceType": "com.alibaba.druid.filter.logging.Log4j2Filter",
      "name": "spring.datasource.druid.filter.log4j2.connection-commit-after-log-enabled",
      "type": "java.lang.Boolean"
    },
    {
      "sourceType": "com.alibaba.druid.filter.logging.Log4j2Filter",
      "name": "spring.datasource.druid.filter.log4j2.connection-connect-after-log-enabled",
      "type": "java.lang.Boolean"
    },
    {
      "sourceType": "com.alibaba.druid.filter.logging.Log4j2Filter",
      "name": "spring.datasource.druid.filter.log4j2.connection-connect-before-log-enabled",
      "type": "java.lang.Boolean"
    },
    {
      "sourceType": "com.alibaba.druid.filter.logging.Log4j2Filter",
      "name": "spring.datasource.druid.filter.log4j2.connection-log-enabled",
      "type": "java.lang.Boolean"
    },
    {
      "sourceType": "com.alibaba.druid.filter.logging.Log4j2Filter",
      "name": "spring.datasource.druid.filter.log4j2.connection-log-error-enabled",
      "type": "java.lang.Boolean"
    },
    {
      "sourceType": "com.alibaba.druid.filter.logging.Log4j2Filter",
      "name": "spring.datasource.druid.filter.log4j2.connection-logger-name",
      "type": "java.lang.String"
    },
    {
      "sourceType": "com.alibaba.druid.filter.logging.Log4j2Filter",
      "name": "spring.datasource.druid.filter.log4j2.connection-rollback-after-log-enabled",
      "type": "java.lang.Boolean"
    },
    {
      "sourceType": "com.alibaba.druid.filter.logging.Log4j2Filter",
      "name": "spring.datasource.druid.filter.log4j2.data-source-log-enabled",
      "type": "java.lang.Boolean"
    },
    {
      "sourceType": "com.alibaba.druid.filter.logging.Log4j2Filter",
      "name": "spring.datasource.druid.filter.log4j2.data-source-logger-name",
      "type": "java.lang.String"
    },
    {
      "sourceType": "com.duoqio.cloud.datasource.druid.stat.DruidFilterConfiguration",
      "defaultValue": false,
      "name": "spring.datasource.druid.filter.log4j2.enabled",
      "description": "Enable Log4j2Filter.",
      "type": "java.lang.Boolean"
    },
    {
      "sourceType": "com.alibaba.druid.filter.logging.Log4j2Filter",
      "name": "spring.datasource.druid.filter.log4j2.result-set-close-after-log-enabled",
      "type": "java.lang.Boolean"
    },
    {
      "sourceType": "com.alibaba.druid.filter.logging.Log4j2Filter",
      "name": "spring.datasource.druid.filter.log4j2.result-set-log-enabled",
      "type": "java.lang.Boolean"
    },
    {
      "sourceType": "com.alibaba.druid.filter.logging.Log4j2Filter",
      "name": "spring.datasource.druid.filter.log4j2.result-set-log-error-enabled",
      "type": "java.lang.Boolean"
    },
    {
      "sourceType": "com.alibaba.druid.filter.logging.Log4j2Filter",
      "name": "spring.datasource.druid.filter.log4j2.result-set-logger-name",
      "type": "java.lang.String"
    },
    {
      "sourceType": "com.alibaba.druid.filter.logging.Log4j2Filter",
      "name": "spring.datasource.druid.filter.log4j2.result-set-next-after-log-enabled",
      "type": "java.lang.Boolean"
    },
    {
      "sourceType": "com.alibaba.druid.filter.logging.Log4j2Filter",
      "name": "spring.datasource.druid.filter.log4j2.result-set-open-after-log-enabled",
      "type": "java.lang.Boolean"
    },
    {
      "sourceType": "com.alibaba.druid.filter.logging.Log4j2Filter",
      "name": "spring.datasource.druid.filter.log4j2.statement-close-after-log-enabled",
      "type": "java.lang.Boolean"
    },
    {
      "sourceType": "com.alibaba.druid.filter.logging.Log4j2Filter",
      "name": "spring.datasource.druid.filter.log4j2.statement-create-after-log-enabled",
      "type": "java.lang.Boolean"
    },
    {
      "sourceType": "com.alibaba.druid.filter.logging.Log4j2Filter",
      "name": "spring.datasource.druid.filter.log4j2.statement-executable-sql-log-enable",
      "type": "java.lang.Boolean"
    },
    {
      "sourceType": "com.alibaba.druid.filter.logging.Log4j2Filter",
      "name": "spring.datasource.druid.filter.log4j2.statement-execute-after-log-enabled",
      "type": "java.lang.Boolean"
    },
    {
      "sourceType": "com.alibaba.druid.filter.logging.Log4j2Filter",
      "name": "spring.datasource.druid.filter.log4j2.statement-execute-batch-after-log-enabled",
      "type": "java.lang.Boolean"
    },
    {
      "sourceType": "com.alibaba.druid.filter.logging.Log4j2Filter",
      "name": "spring.datasource.druid.filter.log4j2.statement-execute-query-after-log-enabled",
      "type": "java.lang.Boolean"
    },
    {
      "sourceType": "com.alibaba.druid.filter.logging.Log4j2Filter",
      "name": "spring.datasource.druid.filter.log4j2.statement-execute-update-after-log-enabled",
      "type": "java.lang.Boolean"
    },
    {
      "sourceType": "com.alibaba.druid.filter.logging.Log4j2Filter",
      "name": "spring.datasource.druid.filter.log4j2.statement-log-enabled",
      "type": "java.lang.Boolean"
    },
    {
      "sourceType": "com.alibaba.druid.filter.logging.Log4j2Filter",
      "name": "spring.datasource.druid.filter.log4j2.statement-log-error-enabled",
      "type": "java.lang.Boolean"
    },
    {
      "sourceType": "com.alibaba.druid.filter.logging.Log4j2Filter",
      "name": "spring.datasource.druid.filter.log4j2.statement-logger-name",
      "type": "java.lang.String"
    },
    {
      "sourceType": "com.alibaba.druid.filter.logging.Log4j2Filter",
      "name": "spring.datasource.druid.filter.log4j2.statement-parameter-clear-log-enable",
      "type": "java.lang.Boolean"
    },
    {
      "sourceType": "com.alibaba.druid.filter.logging.Log4j2Filter",
      "name": "spring.datasource.druid.filter.log4j2.statement-parameter-set-log-enabled",
      "type": "java.lang.Boolean"
    },
    {
      "sourceType": "com.alibaba.druid.filter.logging.Log4j2Filter",
      "name": "spring.datasource.druid.filter.log4j2.statement-prepare-after-log-enabled",
      "type": "java.lang.Boolean"
    },
    {
      "sourceType": "com.alibaba.druid.filter.logging.Log4j2Filter",
      "name": "spring.datasource.druid.filter.log4j2.statement-prepare-call-after-log-enabled",
      "type": "java.lang.Boolean"
    },
    {
      "sourceType": "com.alibaba.druid.filter.logging.Log4j2Filter",
      "name": "spring.datasource.druid.filter.log4j2.statement-sql-format-option",
      "type": "com.alibaba.druid.sql.SQLUtils$FormatOption"
    },
    {
      "sourceType": "com.alibaba.druid.filter.logging.Log4j2Filter",
      "name": "spring.datasource.druid.filter.log4j2.statement-sql-pretty-format",
      "type": "java.lang.Boolean"
    },
    {
      "sourceType": "com.alibaba.druid.filter.logging.Slf4jLogFilter",
      "name": "spring.datasource.druid.filter.slf4j.connection-close-after-log-enabled",
      "type": "java.lang.Boolean"
    },
    {
      "sourceType": "com.alibaba.druid.filter.logging.Slf4jLogFilter",
      "name": "spring.datasource.druid.filter.slf4j.connection-commit-after-log-enabled",
      "type": "java.lang.Boolean"
    },
    {
      "sourceType": "com.alibaba.druid.filter.logging.Slf4jLogFilter",
      "name": "spring.datasource.druid.filter.slf4j.connection-connect-after-log-enabled",
      "type": "java.lang.Boolean"
    },
    {
      "sourceType": "com.alibaba.druid.filter.logging.Slf4jLogFilter",
      "name": "spring.datasource.druid.filter.slf4j.connection-connect-before-log-enabled",
      "type": "java.lang.Boolean"
    },
    {
      "sourceType": "com.alibaba.druid.filter.logging.Slf4jLogFilter",
      "name": "spring.datasource.druid.filter.slf4j.connection-log-enabled",
      "type": "java.lang.Boolean"
    },
    {
      "sourceType": "com.alibaba.druid.filter.logging.Slf4jLogFilter",
      "name": "spring.datasource.druid.filter.slf4j.connection-log-error-enabled",
      "type": "java.lang.Boolean"
    },
    {
      "sourceType": "com.alibaba.druid.filter.logging.Slf4jLogFilter",
      "name": "spring.datasource.druid.filter.slf4j.connection-logger-name",
      "type": "java.lang.String"
    },
    {
      "sourceType": "com.alibaba.druid.filter.logging.Slf4jLogFilter",
      "name": "spring.datasource.druid.filter.slf4j.connection-rollback-after-log-enabled",
      "type": "java.lang.Boolean"
    },
    {
      "sourceType": "com.alibaba.druid.filter.logging.Slf4jLogFilter",
      "name": "spring.datasource.druid.filter.slf4j.data-source-log-enabled",
      "type": "java.lang.Boolean"
    },
    {
      "sourceType": "com.alibaba.druid.filter.logging.Slf4jLogFilter",
      "name": "spring.datasource.druid.filter.slf4j.data-source-logger-name",
      "type": "java.lang.String"
    },
    {
      "sourceType": "com.duoqio.cloud.datasource.druid.stat.DruidFilterConfiguration",
      "defaultValue": false,
      "name": "spring.datasource.druid.filter.slf4j.enabled",
      "description": "Enable Slf4jLogFilter.",
      "type": "java.lang.Boolean"
    },
    {
      "sourceType": "com.alibaba.druid.filter.logging.Slf4jLogFilter",
      "name": "spring.datasource.druid.filter.slf4j.result-set-close-after-log-enabled",
      "type": "java.lang.Boolean"
    },
    {
      "sourceType": "com.alibaba.druid.filter.logging.Slf4jLogFilter",
      "name": "spring.datasource.druid.filter.slf4j.result-set-log-enabled",
      "type": "java.lang.Boolean"
    },
    {
      "sourceType": "com.alibaba.druid.filter.logging.Slf4jLogFilter",
      "name": "spring.datasource.druid.filter.slf4j.result-set-log-error-enabled",
      "type": "java.lang.Boolean"
    },
    {
      "sourceType": "com.alibaba.druid.filter.logging.Slf4jLogFilter",
      "name": "spring.datasource.druid.filter.slf4j.result-set-logger-name",
      "type": "java.lang.String"
    },
    {
      "sourceType": "com.alibaba.druid.filter.logging.Slf4jLogFilter",
      "name": "spring.datasource.druid.filter.slf4j.result-set-next-after-log-enabled",
      "type": "java.lang.Boolean"
    },
    {
      "sourceType": "com.alibaba.druid.filter.logging.Slf4jLogFilter",
      "name": "spring.datasource.druid.filter.slf4j.result-set-open-after-log-enabled",
      "type": "java.lang.Boolean"
    },
    {
      "sourceType": "com.alibaba.druid.filter.logging.Slf4jLogFilter",
      "name": "spring.datasource.druid.filter.slf4j.statement-close-after-log-enabled",
      "type": "java.lang.Boolean"
    },
    {
      "sourceType": "com.alibaba.druid.filter.logging.Slf4jLogFilter",
      "name": "spring.datasource.druid.filter.slf4j.statement-create-after-log-enabled",
      "type": "java.lang.Boolean"
    },
    {
      "sourceType": "com.alibaba.druid.filter.logging.Slf4jLogFilter",
      "name": "spring.datasource.druid.filter.slf4j.statement-executable-sql-log-enable",
      "type": "java.lang.Boolean"
    },
    {
      "sourceType": "com.alibaba.druid.filter.logging.Slf4jLogFilter",
      "name": "spring.datasource.druid.filter.slf4j.statement-execute-after-log-enabled",
      "type": "java.lang.Boolean"
    },
    {
      "sourceType": "com.alibaba.druid.filter.logging.Slf4jLogFilter",
      "name": "spring.datasource.druid.filter.slf4j.statement-execute-batch-after-log-enabled",
      "type": "java.lang.Boolean"
    },
    {
      "sourceType": "com.alibaba.druid.filter.logging.Slf4jLogFilter",
      "name": "spring.datasource.druid.filter.slf4j.statement-execute-query-after-log-enabled",
      "type": "java.lang.Boolean"
    },
    {
      "sourceType": "com.alibaba.druid.filter.logging.Slf4jLogFilter",
      "name": "spring.datasource.druid.filter.slf4j.statement-execute-update-after-log-enabled",
      "type": "java.lang.Boolean"
    },
    {
      "sourceType": "com.alibaba.druid.filter.logging.Slf4jLogFilter",
      "name": "spring.datasource.druid.filter.slf4j.statement-log-enabled",
      "type": "java.lang.Boolean"
    },
    {
      "sourceType": "com.alibaba.druid.filter.logging.Slf4jLogFilter",
      "name": "spring.datasource.druid.filter.slf4j.statement-log-error-enabled",
      "type": "java.lang.Boolean"
    },
    {
      "sourceType": "com.alibaba.druid.filter.logging.Slf4jLogFilter",
      "name": "spring.datasource.druid.filter.slf4j.statement-logger-name",
      "type": "java.lang.String"
    },
    {
      "sourceType": "com.alibaba.druid.filter.logging.Slf4jLogFilter",
      "name": "spring.datasource.druid.filter.slf4j.statement-parameter-clear-log-enable",
      "type": "java.lang.Boolean"
    },
    {
      "sourceType": "com.alibaba.druid.filter.logging.Slf4jLogFilter",
      "name": "spring.datasource.druid.filter.slf4j.statement-parameter-set-log-enabled",
      "type": "java.lang.Boolean"
    },
    {
      "sourceType": "com.alibaba.druid.filter.logging.Slf4jLogFilter",
      "name": "spring.datasource.druid.filter.slf4j.statement-prepare-after-log-enabled",
      "type": "java.lang.Boolean"
    },
    {
      "sourceType": "com.alibaba.druid.filter.logging.Slf4jLogFilter",
      "name": "spring.datasource.druid.filter.slf4j.statement-prepare-call-after-log-enabled",
      "type": "java.lang.Boolean"
    },
    {
      "sourceType": "com.alibaba.druid.filter.logging.Slf4jLogFilter",
      "name": "spring.datasource.druid.filter.slf4j.statement-sql-format-option",
      "type": "com.alibaba.druid.sql.SQLUtils$FormatOption"
    },
    {
      "sourceType": "com.alibaba.druid.filter.logging.Slf4jLogFilter",
      "name": "spring.datasource.druid.filter.slf4j.statement-sql-pretty-format",
      "type": "java.lang.Boolean"
    },
    {
      "sourceType": "com.alibaba.druid.filter.stat.StatFilter",
      "name": "spring.datasource.druid.filter.stat.connection-stack-trace-enable",
      "type": "java.lang.Boolean"
    },
    {
      "sourceType": "com.alibaba.druid.filter.stat.StatFilter",
      "name": "spring.datasource.druid.filter.stat.db-type",
      "type": "java.lang.String"
    },
    {
      "sourceType": "com.duoqio.cloud.datasource.druid.stat.DruidFilterConfiguration",
      "defaultValue": true,
      "name": "spring.datasource.druid.filter.stat.enabled",
      "description": "Enable StatFilter.",
      "type": "java.lang.Boolean"
    },
    {
      "sourceType": "com.alibaba.druid.filter.stat.StatFilter",
      "name": "spring.datasource.druid.filter.stat.log-slow-sql",
      "type": "java.lang.Boolean"
    },
    {
      "sourceType": "com.alibaba.druid.filter.stat.StatFilter",
      "name": "spring.datasource.druid.filter.stat.merge-sql",
      "type": "java.lang.Boolean"
    },
    {
      "sourceType": "com.alibaba.druid.filter.stat.StatFilter",
      "name": "spring.datasource.druid.filter.stat.slow-sql-millis",
      "type": "java.lang.Long"
    },
    {
      "sourceType": "com.alibaba.druid.wall.WallFilter",
      "name": "spring.datasource.druid.filter.wall.config",
      "type": "com.alibaba.druid.wall.WallConfig"
    },
    {
      "sourceType": "com.alibaba.druid.wall.WallConfig",
      "name": "spring.datasource.druid.filter.wall.config.alter-table-allow",
      "type": "java.lang.Boolean"
    },
    {
      "sourceType": "com.alibaba.druid.wall.WallConfig",
      "name": "spring.datasource.druid.filter.wall.config.block-allow",
      "type": "java.lang.Boolean"
    },
    {
      "sourceType": "com.alibaba.druid.wall.WallConfig",
      "name": "spring.datasource.druid.filter.wall.config.call-allow",
      "type": "java.lang.Boolean"
    },
    {
      "sourceType": "com.alibaba.druid.wall.WallConfig",
      "name": "spring.datasource.druid.filter.wall.config.case-condition-const-allow",
      "type": "java.lang.Boolean"
    },
    {
      "sourceType": "com.alibaba.druid.wall.WallConfig",
      "name": "spring.datasource.druid.filter.wall.config.comment-allow",
      "type": "java.lang.Boolean"
    },
    {
      "sourceType": "com.alibaba.druid.wall.WallConfig",
      "name": "spring.datasource.druid.filter.wall.config.commit-allow",
      "type": "java.lang.Boolean"
    },
    {
      "sourceType": "com.alibaba.druid.wall.WallConfig",
      "name": "spring.datasource.druid.filter.wall.config.complete-insert-values-check",
      "type": "java.lang.Boolean"
    },
    {
      "sourceType": "com.alibaba.druid.wall.WallConfig",
      "name": "spring.datasource.druid.filter.wall.config.condition-and-alway-false-allow",
      "type": "java.lang.Boolean"
    },
    {
      "sourceType": "com.alibaba.druid.wall.WallConfig",
      "name": "spring.datasource.druid.filter.wall.config.condition-and-alway-true-allow",
      "type": "java.lang.Boolean"
    },
    {
      "sourceType": "com.alibaba.druid.wall.WallConfig",
      "name": "spring.datasource.druid.filter.wall.config.condition-double-const-allow",
      "type": "java.lang.Boolean"
    },
    {
      "sourceType": "com.alibaba.druid.wall.WallConfig",
      "name": "spring.datasource.druid.filter.wall.config.condition-like-true-allow",
      "type": "java.lang.Boolean"
    },
    {
      "sourceType": "com.alibaba.druid.wall.WallConfig",
      "name": "spring.datasource.druid.filter.wall.config.condition-op-bitwse-allow",
      "type": "java.lang.Boolean"
    },
    {
      "sourceType": "com.alibaba.druid.wall.WallConfig",
      "name": "spring.datasource.druid.filter.wall.config.condition-op-xor-allow",
      "type": "java.lang.Boolean"
    },
    {
      "sourceType": "com.alibaba.druid.wall.WallConfig",
      "name": "spring.datasource.druid.filter.wall.config.const-arithmetic-allow",
      "type": "java.lang.Boolean"
    },
    {
      "sourceType": "com.alibaba.druid.wall.WallConfig",
      "name": "spring.datasource.druid.filter.wall.config.create-table-allow",
      "type": "java.lang.Boolean"
    },
    {
      "sourceType": "com.alibaba.druid.wall.WallConfig",
      "name": "spring.datasource.druid.filter.wall.config.delete-allow",
      "type": "java.lang.Boolean"
    },
    {
      "sourceType": "com.alibaba.druid.wall.WallConfig",
      "name": "spring.datasource.druid.filter.wall.config.delete-where-alway-true-check",
      "type": "java.lang.Boolean"
    },
    {
      "sourceType": "com.alibaba.druid.wall.WallConfig",
      "name": "spring.datasource.druid.filter.wall.config.delete-where-none-check",
      "type": "java.lang.Boolean"
    },
    {
      "sourceType": "com.alibaba.druid.wall.WallConfig",
      "name": "spring.datasource.druid.filter.wall.config.deny-functions",
      "type": "java.util.Set<java.lang.String>"
    },
    {
      "sourceType": "com.alibaba.druid.wall.WallConfig",
      "name": "spring.datasource.druid.filter.wall.config.deny-objects",
      "type": "java.util.Set<java.lang.String>"
    },
    {
      "sourceType": "com.alibaba.druid.wall.WallConfig",
      "name": "spring.datasource.druid.filter.wall.config.deny-schemas",
      "type": "java.util.Set<java.lang.String>"
    },
    {
      "sourceType": "com.alibaba.druid.wall.WallConfig",
      "name": "spring.datasource.druid.filter.wall.config.deny-tables",
      "type": "java.util.Set<java.lang.String>"
    },
    {
      "sourceType": "com.alibaba.druid.wall.WallConfig",
      "name": "spring.datasource.druid.filter.wall.config.deny-variants",
      "type": "java.util.Set<java.lang.String>"
    },
    {
      "sourceType": "com.alibaba.druid.wall.WallConfig",
      "name": "spring.datasource.druid.filter.wall.config.describe-allow",
      "type": "java.lang.Boolean"
    },
    {
      "sourceType": "com.alibaba.druid.wall.WallConfig",
      "name": "spring.datasource.druid.filter.wall.config.dir",
      "type": "java.lang.String"
    },
    {
      "sourceType": "com.alibaba.druid.wall.WallConfig",
      "name": "spring.datasource.druid.filter.wall.config.do-privileged-allow",
      "type": "java.lang.Boolean"
    },
    {
      "sourceType": "com.alibaba.druid.wall.WallConfig",
      "name": "spring.datasource.druid.filter.wall.config.drop-table-allow",
      "type": "java.lang.Boolean"
    },
    {
      "sourceType": "com.alibaba.druid.wall.WallConfig",
      "name": "spring.datasource.druid.filter.wall.config.function-check",
      "type": "java.lang.Boolean"
    },
    {
      "sourceType": "com.alibaba.druid.wall.WallConfig",
      "name": "spring.datasource.druid.filter.wall.config.hint-allow",
      "type": "java.lang.Boolean"
    },
    {
      "sourceType": "com.alibaba.druid.wall.WallConfig",
      "name": "spring.datasource.druid.filter.wall.config.inited",
      "type": "java.lang.Boolean"
    },
    {
      "sourceType": "com.alibaba.druid.wall.WallConfig",
      "name": "spring.datasource.druid.filter.wall.config.insert-allow",
      "type": "java.lang.Boolean"
    },
    {
      "sourceType": "com.alibaba.druid.wall.WallConfig",
      "name": "spring.datasource.druid.filter.wall.config.insert-values-check-size",
      "type": "java.lang.Integer"
    },
    {
      "sourceType": "com.alibaba.druid.wall.WallConfig",
      "name": "spring.datasource.druid.filter.wall.config.intersect-allow",
      "type": "java.lang.Boolean"
    },
    {
      "sourceType": "com.alibaba.druid.wall.WallConfig",
      "name": "spring.datasource.druid.filter.wall.config.limit-zero-allow",
      "type": "java.lang.Boolean"
    },
    {
      "sourceType": "com.alibaba.druid.wall.WallConfig",
      "name": "spring.datasource.druid.filter.wall.config.lock-table-allow",
      "type": "java.lang.Boolean"
    },
    {
      "sourceType": "com.alibaba.druid.wall.WallConfig",
      "name": "spring.datasource.druid.filter.wall.config.merge-allow",
      "type": "java.lang.Boolean"
    },
    {
      "sourceType": "com.alibaba.druid.wall.WallConfig",
      "name": "spring.datasource.druid.filter.wall.config.metadata-allow",
      "type": "java.lang.Boolean"
    },
    {
      "sourceType": "com.alibaba.druid.wall.WallConfig",
      "name": "spring.datasource.druid.filter.wall.config.minus-allow",
      "type": "java.lang.Boolean"
    },
    {
      "sourceType": "com.alibaba.druid.wall.WallConfig",
      "name": "spring.datasource.druid.filter.wall.config.multi-statement-allow",
      "type": "java.lang.Boolean"
    },
    {
      "sourceType": "com.alibaba.druid.wall.WallConfig",
      "name": "spring.datasource.druid.filter.wall.config.must-parameterized",
      "type": "java.lang.Boolean"
    },
    {
      "sourceType": "com.alibaba.druid.wall.WallConfig",
      "name": "spring.datasource.druid.filter.wall.config.none-base-statement-allow",
      "type": "java.lang.Boolean"
    },
    {
      "sourceType": "com.alibaba.druid.wall.WallConfig",
      "name": "spring.datasource.druid.filter.wall.config.object-check",
      "type": "java.lang.Boolean"
    },
    {
      "sourceType": "com.alibaba.druid.wall.WallConfig",
      "name": "spring.datasource.druid.filter.wall.config.permit-functions",
      "type": "java.util.Set<java.lang.String>"
    },
    {
      "sourceType": "com.alibaba.druid.wall.WallConfig",
      "name": "spring.datasource.druid.filter.wall.config.permit-schemas",
      "type": "java.util.Set<java.lang.String>"
    },
    {
      "sourceType": "com.alibaba.druid.wall.WallConfig",
      "name": "spring.datasource.druid.filter.wall.config.permit-tables",
      "type": "java.util.Set<java.lang.String>"
    },
    {
      "sourceType": "com.alibaba.druid.wall.WallConfig",
      "name": "spring.datasource.druid.filter.wall.config.permit-variants",
      "type": "java.util.Set<java.lang.String>"
    },
    {
      "sourceType": "com.alibaba.druid.wall.WallConfig",
      "name": "spring.datasource.druid.filter.wall.config.read-only-tables",
      "type": "java.util.Set<java.lang.String>"
    },
    {
      "sourceType": "com.alibaba.druid.wall.WallConfig",
      "name": "spring.datasource.druid.filter.wall.config.rename-table-allow",
      "type": "java.lang.Boolean"
    },
    {
      "sourceType": "com.alibaba.druid.wall.WallConfig",
      "name": "spring.datasource.druid.filter.wall.config.replace-allow",
      "type": "java.lang.Boolean"
    },
    {
      "sourceType": "com.alibaba.druid.wall.WallConfig",
      "name": "spring.datasource.druid.filter.wall.config.rollback-allow",
      "type": "java.lang.Boolean"
    },
    {
      "sourceType": "com.alibaba.druid.wall.WallConfig",
      "name": "spring.datasource.druid.filter.wall.config.schema-check",
      "type": "java.lang.Boolean"
    },
    {
      "sourceType": "com.alibaba.druid.wall.WallConfig",
      "name": "spring.datasource.druid.filter.wall.config.select-all-column-allow",
      "type": "java.lang.Boolean"
    },
    {
      "sourceType": "com.alibaba.druid.wall.WallConfig",
      "name": "spring.datasource.druid.filter.wall.config.select-except-check",
      "type": "java.lang.Boolean"
    },
    {
      "sourceType": "com.alibaba.druid.wall.WallConfig",
      "name": "spring.datasource.druid.filter.wall.config.select-having-alway-true-check",
      "type": "java.lang.Boolean"
    },
    {
      "sourceType": "com.alibaba.druid.wall.WallConfig",
      "name": "spring.datasource.druid.filter.wall.config.select-intersect-check",
      "type": "java.lang.Boolean"
    },
    {
      "sourceType": "com.alibaba.druid.wall.WallConfig",
      "name": "spring.datasource.druid.filter.wall.config.select-into-allow",
      "type": "java.lang.Boolean"
    },
    {
      "sourceType": "com.alibaba.druid.wall.WallConfig",
      "name": "spring.datasource.druid.filter.wall.config.select-into-outfile-allow",
      "type": "java.lang.Boolean"
    },
    {
      "sourceType": "com.alibaba.druid.wall.WallConfig",
      "name": "spring.datasource.druid.filter.wall.config.select-limit",
      "type": "java.lang.Integer"
    },
    {
      "sourceType": "com.alibaba.druid.wall.WallConfig",
      "name": "spring.datasource.druid.filter.wall.config.select-minus-check",
      "type": "java.lang.Boolean"
    },
    {
      "sourceType": "com.alibaba.druid.wall.WallConfig",
      "name": "spring.datasource.druid.filter.wall.config.select-union-check",
      "type": "java.lang.Boolean"
    },
    {
      "sourceType": "com.alibaba.druid.wall.WallConfig",
      "name": "spring.datasource.druid.filter.wall.config.select-where-alway-true-check",
      "type": "java.lang.Boolean"
    },
    {
      "sourceType": "com.alibaba.druid.wall.WallConfig",
      "name": "spring.datasource.druid.filter.wall.config.selelct-allow",
      "type": "java.lang.Boolean"
    },
    {
      "sourceType": "com.alibaba.druid.wall.WallConfig",
      "name": "spring.datasource.druid.filter.wall.config.set-allow",
      "type": "java.lang.Boolean"
    },
    {
      "sourceType": "com.alibaba.druid.wall.WallConfig",
      "name": "spring.datasource.druid.filter.wall.config.show-allow",
      "type": "java.lang.Boolean"
    },
    {
      "sourceType": "com.alibaba.druid.wall.WallConfig",
      "name": "spring.datasource.druid.filter.wall.config.start-transaction-allow",
      "type": "java.lang.Boolean"
    },
    {
      "sourceType": "com.alibaba.druid.wall.WallConfig",
      "name": "spring.datasource.druid.filter.wall.config.strict-syntax-check",
      "type": "java.lang.Boolean"
    },
    {
      "sourceType": "com.alibaba.druid.wall.WallConfig",
      "name": "spring.datasource.druid.filter.wall.config.table-check",
      "type": "java.lang.Boolean"
    },
    {
      "sourceType": "com.alibaba.druid.wall.WallConfig",
      "name": "spring.datasource.druid.filter.wall.config.tenant-column",
      "type": "java.lang.String"
    },
    {
      "sourceType": "com.alibaba.druid.wall.WallConfig",
      "name": "spring.datasource.druid.filter.wall.config.tenant-table-pattern",
      "type": "java.lang.String"
    },
    {
      "sourceType": "com.alibaba.druid.wall.WallConfig",
      "name": "spring.datasource.druid.filter.wall.config.truncate-allow",
      "type": "java.lang.Boolean"
    },
    {
      "sourceType": "com.alibaba.druid.wall.WallConfig",
      "name": "spring.datasource.druid.filter.wall.config.update-allow",
      "type": "java.lang.Boolean"
    },
    {
      "sourceType": "com.alibaba.druid.wall.WallConfig",
      "name": "spring.datasource.druid.filter.wall.config.update-check-handler",
      "type": "com.alibaba.druid.wall.WallUpdateCheckHandler"
    },
    {
      "sourceType": "com.alibaba.druid.wall.WallConfig",
      "name": "spring.datasource.druid.filter.wall.config.update-where-alay-true-check",
      "type": "java.lang.Boolean"
    },
    {
      "sourceType": "com.alibaba.druid.wall.WallConfig",
      "name": "spring.datasource.druid.filter.wall.config.update-where-none-check",
      "type": "java.lang.Boolean"
    },
    {
      "sourceType": "com.alibaba.druid.wall.WallConfig",
      "name": "spring.datasource.druid.filter.wall.config.use-allow",
      "type": "java.lang.Boolean"
    },
    {
      "sourceType": "com.alibaba.druid.wall.WallConfig",
      "name": "spring.datasource.druid.filter.wall.config.variant-check",
      "type": "java.lang.Boolean"
    },
    {
      "sourceType": "com.alibaba.druid.wall.WallConfig",
      "name": "spring.datasource.druid.filter.wall.config.wrap-allow",
      "type": "java.lang.Boolean"
    },
    {
      "sourceType": "com.alibaba.druid.wall.WallFilter",
      "name": "spring.datasource.druid.filter.wall.db-type",
      "type": "java.lang.String"
    },
    {
      "sourceType": "com.duoqio.cloud.datasource.druid.stat.DruidFilterConfiguration",
      "defaultValue": false,
      "name": "spring.datasource.druid.filter.wall.enabled",
      "description": "Enable WallFilter.",
      "type": "java.lang.Boolean"
    },
    {
      "sourceType": "com.alibaba.druid.wall.WallFilter",
      "name": "spring.datasource.druid.filter.wall.log-violation",
      "type": "java.lang.Boolean"
    },
    {
      "sourceType": "com.alibaba.druid.wall.WallFilter",
      "name": "spring.datasource.druid.filter.wall.provider-white-list",
      "type": "java.util.Set<java.lang.String>"
    },
    {
      "sourceType": "com.alibaba.druid.wall.WallFilter",
      "name": "spring.datasource.druid.filter.wall.tenant-column",
      "type": "java.lang.String"
    },
    {
      "sourceType": "com.alibaba.druid.wall.WallFilter",
      "name": "spring.datasource.druid.filter.wall.throw-exception",
      "type": "java.lang.Boolean"
    },
    {
      "sourceType": "com.alibaba.druid.pool.DruidDataSource",
      "name": "spring.datasource.druid.filters",
      "type": "java.lang.String"
    },
    {
      "sourceType": "com.duoqio.cloud.datasource.druid.autoconfigure.DruidDataSourceWrapper",
      "name": "spring.datasource.druid.init-global-variants",
      "type": "java.lang.Boolean"
    },
    {
      "sourceType": "com.duoqio.cloud.datasource.druid.autoconfigure.DruidDataSourceWrapper",
      "name": "spring.datasource.druid.init-variants",
      "type": "java.lang.Boolean"
    },
    {
      "sourceType": "com.duoqio.cloud.datasource.druid.autoconfigure.DruidDataSourceWrapper",
      "name": "spring.datasource.druid.initial-size",
      "type": "java.lang.Integer"
    },
    {
      "sourceType": "com.duoqio.cloud.datasource.druid.autoconfigure.DruidDataSourceWrapper",
      "name": "spring.datasource.druid.keep-alive",
      "type": "java.lang.Boolean"
    },
    {
      "sourceType": "com.duoqio.cloud.datasource.druid.autoconfigure.DruidDataSourceWrapper",
      "name": "spring.datasource.druid.kill-when-socket-read-timeout",
      "type": "java.lang.Boolean"
    },
    {
      "sourceType": "com.duoqio.cloud.datasource.druid.autoconfigure.DruidDataSourceWrapper",
      "name": "spring.datasource.druid.log-abandoned",
      "type": "java.lang.Boolean"
    },
    {
      "sourceType": "com.duoqio.cloud.datasource.druid.autoconfigure.DruidDataSourceWrapper",
      "name": "spring.datasource.druid.log-different-thread",
      "type": "java.lang.Boolean"
    },
    {
      "sourceType": "com.duoqio.cloud.datasource.druid.autoconfigure.DruidDataSourceWrapper",
      "name": "spring.datasource.druid.login-timeout",
      "type": "java.lang.Integer"
    },
    {
      "sourceType": "com.duoqio.cloud.datasource.druid.autoconfigure.DruidDataSourceWrapper",
      "name": "spring.datasource.druid.max-active",
      "type": "java.lang.Integer"
    },
    {
      "sourceType": "com.duoqio.cloud.datasource.druid.autoconfigure.DruidDataSourceWrapper",
      "name": "spring.datasource.druid.max-create-task-count",
      "type": "java.lang.Integer"
    },
    {
      "sourceType": "com.duoqio.cloud.datasource.druid.autoconfigure.DruidDataSourceWrapper",
      "name": "spring.datasource.druid.max-evictable-idle-time-millis",
      "type": "java.lang.Long"
    },
    {
      "sourceType": "com.duoqio.cloud.datasource.druid.autoconfigure.DruidDataSourceWrapper",
      "deprecated": true,
      "name": "spring.datasource.druid.max-idle",
      "type": "java.lang.Integer",
      "deprecation": {}
    },
    {
      "sourceType": "com.duoqio.cloud.datasource.druid.autoconfigure.DruidDataSourceWrapper",
      "name": "spring.datasource.druid.max-open-prepared-statements",
      "type": "java.lang.Integer"
    },
    {
      "sourceType": "com.duoqio.cloud.datasource.druid.autoconfigure.DruidDataSourceWrapper",
      "name": "spring.datasource.druid.max-pool-prepared-statement-per-connection-size",
      "type": "java.lang.Integer"
    },
    {
      "sourceType": "com.duoqio.cloud.datasource.druid.autoconfigure.DruidDataSourceWrapper",
      "name": "spring.datasource.druid.max-wait",
      "type": "java.lang.Long"
    },
    {
      "sourceType": "com.duoqio.cloud.datasource.druid.autoconfigure.DruidDataSourceWrapper",
      "name": "spring.datasource.druid.max-wait-thread-count",
      "type": "java.lang.Integer"
    },
    {
      "sourceType": "com.duoqio.cloud.datasource.druid.autoconfigure.DruidDataSourceWrapper",
      "name": "spring.datasource.druid.min-evictable-idle-time-millis",
      "type": "java.lang.Long"
    },
    {
      "sourceType": "com.duoqio.cloud.datasource.druid.autoconfigure.DruidDataSourceWrapper",
      "name": "spring.datasource.druid.min-idle",
      "type": "java.lang.Integer"
    },
    {
      "sourceType": "com.duoqio.cloud.datasource.druid.autoconfigure.DruidDataSourceWrapper",
      "name": "spring.datasource.druid.name",
      "type": "java.lang.String"
    },
    {
      "sourceType": "com.duoqio.cloud.datasource.druid.autoconfigure.DruidDataSourceWrapper",
      "name": "spring.datasource.druid.not-full-timeout-retry-count",
      "type": "java.lang.Integer"
    },
    {
      "sourceType": "com.duoqio.cloud.datasource.druid.autoconfigure.DruidDataSourceWrapper",
      "deprecated": true,
      "name": "spring.datasource.druid.num-tests-per-eviction-run",
      "type": "java.lang.Integer",
      "deprecation": {}
    },
    {
      "sourceType": "com.duoqio.cloud.datasource.druid.autoconfigure.DruidDataSourceWrapper",
      "name": "spring.datasource.druid.object-name",
      "type": "javax.management.ObjectName"
    },
    {
      "sourceType": "com.duoqio.cloud.datasource.druid.autoconfigure.DruidDataSourceWrapper",
      "name": "spring.datasource.druid.on-fatal-error-max-active",
      "type": "java.lang.Integer"
    },
    {
      "sourceType": "com.duoqio.cloud.datasource.druid.autoconfigure.DruidDataSourceWrapper",
      "name": "spring.datasource.druid.oracle",
      "type": "java.lang.Boolean"
    },
    {
      "sourceType": "com.duoqio.cloud.datasource.druid.autoconfigure.DruidDataSourceWrapper",
      "name": "spring.datasource.druid.password",
      "type": "java.lang.String"
    },
    {
      "sourceType": "com.duoqio.cloud.datasource.druid.autoconfigure.DruidDataSourceWrapper",
      "name": "spring.datasource.druid.password-callback",
      "type": "javax.security.auth.callback.PasswordCallback"
    },
    {
      "sourceType": "com.duoqio.cloud.datasource.druid.autoconfigure.DruidDataSourceWrapper",
      "name": "spring.datasource.druid.phy-timeout-millis",
      "type": "java.lang.Long"
    },
    {
      "sourceType": "com.duoqio.cloud.datasource.druid.autoconfigure.DruidDataSourceWrapper",
      "name": "spring.datasource.druid.pool-prepared-statements",
      "type": "java.lang.Boolean"
    },
    {
      "sourceType": "com.duoqio.cloud.datasource.druid.autoconfigure.DruidDataSourceWrapper",
      "name": "spring.datasource.druid.pooling-connection-info",
      "type": "java.util.List<java.util.Map<java.lang.String,java.lang.Object>>"
    },
    {
      "sourceType": "com.duoqio.cloud.datasource.druid.autoconfigure.DruidDataSourceWrapper",
      "name": "spring.datasource.druid.proxy-filters",
      "type": "java.util.List<com.alibaba.druid.filter.Filter>"
    },
    {
      "sourceType": "com.duoqio.cloud.datasource.druid.autoconfigure.DruidDataSourceWrapper",
      "name": "spring.datasource.druid.query-timeout",
      "type": "java.lang.Integer"
    },
    {
      "sourceType": "com.duoqio.cloud.datasource.druid.autoconfigure.DruidDataSourceWrapper",
      "name": "spring.datasource.druid.remove-abandoned",
      "type": "java.lang.Boolean"
    },
    {
      "sourceType": "com.duoqio.cloud.datasource.druid.autoconfigure.DruidDataSourceWrapper",
      "name": "spring.datasource.druid.remove-abandoned-timeout",
      "type": "java.lang.Integer"
    },
    {
      "sourceType": "com.duoqio.cloud.datasource.druid.autoconfigure.DruidDataSourceWrapper",
      "name": "spring.datasource.druid.remove-abandoned-timeout-millis",
      "type": "java.lang.Long"
    },
    {
      "sourceType": "com.duoqio.cloud.datasource.druid.autoconfigure.DruidDataSourceWrapper",
      "name": "spring.datasource.druid.reset-stat-enable",
      "type": "java.lang.Boolean"
    },
    {
      "sourceType": "com.duoqio.cloud.datasource.druid.autoconfigure.DruidDataSourceWrapper",
      "name": "spring.datasource.druid.share-prepared-statements",
      "type": "java.lang.Boolean"
    },
    {
      "sourceType": "com.duoqio.cloud.datasource.druid.autoconfigure.DruidDataSourceWrapper",
      "name": "spring.datasource.druid.sql-stat-map",
      "type": "java.util.Map<java.lang.String,com.alibaba.druid.stat.JdbcSqlStat>"
    },
    {
      "sourceType": "com.duoqio.cloud.datasource.druid.autoconfigure.DruidDataSourceWrapper",
      "name": "spring.datasource.druid.stat-data",
      "type": "java.util.Map<java.lang.String,java.lang.Object>"
    },
    {
      "sourceType": "com.duoqio.cloud.datasource.druid.autoconfigure.DruidDataSourceWrapper",
      "name": "spring.datasource.druid.stat-data-for-m-bean",
      "type": "java.util.Map<java.lang.String,java.lang.Object>"
    },
    {
      "sourceType": "com.duoqio.cloud.datasource.druid.autoconfigure.DruidDataSourceWrapper",
      "name": "spring.datasource.druid.stat-logger",
      "type": "com.alibaba.druid.pool.DruidDataSourceStatLogger"
    },
    {
      "sourceType": "com.duoqio.cloud.datasource.druid.properties.DruidStatProperties$StatViewServlet",
      "name": "spring.datasource.druid.stat-view-servlet.allow",
      "type": "java.lang.String"
    },
    {
      "sourceType": "com.duoqio.cloud.datasource.druid.properties.DruidStatProperties$StatViewServlet",
      "name": "spring.datasource.druid.stat-view-servlet.deny",
      "type": "java.lang.String"
    },
    {
      "sourceType": "com.duoqio.cloud.datasource.druid.properties.DruidStatProperties$StatViewServlet",
      "defaultValue": true,
      "name": "spring.datasource.druid.stat-view-servlet.enabled",
      "description": "Enable StatViewServlet.",
      "type": "java.lang.Boolean"
    },
    {
      "sourceType": "com.duoqio.cloud.datasource.druid.properties.DruidStatProperties$StatViewServlet",
      "name": "spring.datasource.druid.stat-view-servlet.login-password",
      "type": "java.lang.String"
    },
    {
      "sourceType": "com.duoqio.cloud.datasource.druid.properties.DruidStatProperties$StatViewServlet",
      "name": "spring.datasource.druid.stat-view-servlet.login-username",
      "type": "java.lang.String"
    },
    {
      "sourceType": "com.duoqio.cloud.datasource.druid.properties.DruidStatProperties$StatViewServlet",
      "name": "spring.datasource.druid.stat-view-servlet.reset-enable",
      "type": "java.lang.String"
    },
    {
      "sourceType": "com.duoqio.cloud.datasource.druid.properties.DruidStatProperties$StatViewServlet",
      "name": "spring.datasource.druid.stat-view-servlet.url-pattern",
      "type": "java.lang.String"
    },
    {
      "sourceType": "com.duoqio.cloud.datasource.druid.autoconfigure.DruidDataSourceWrapper",
      "name": "spring.datasource.druid.test-on-borrow",
      "type": "java.lang.Boolean"
    },
    {
      "sourceType": "com.duoqio.cloud.datasource.druid.autoconfigure.DruidDataSourceWrapper",
      "name": "spring.datasource.druid.test-on-return",
      "type": "java.lang.Boolean"
    },
    {
      "sourceType": "com.duoqio.cloud.datasource.druid.autoconfigure.DruidDataSourceWrapper",
      "name": "spring.datasource.druid.test-while-idle",
      "type": "java.lang.Boolean"
    },
    {
      "sourceType": "com.duoqio.cloud.datasource.druid.autoconfigure.DruidDataSourceWrapper",
      "name": "spring.datasource.druid.time-between-connect-error-millis",
      "type": "java.lang.Long"
    },
    {
      "sourceType": "com.duoqio.cloud.datasource.druid.autoconfigure.DruidDataSourceWrapper",
      "name": "spring.datasource.druid.time-between-eviction-runs-millis",
      "type": "java.lang.Long"
    },
    {
      "sourceType": "com.duoqio.cloud.datasource.druid.autoconfigure.DruidDataSourceWrapper",
      "name": "spring.datasource.druid.time-between-log-stats-millis",
      "type": "java.lang.Long"
    },
    {
      "sourceType": "com.duoqio.cloud.datasource.druid.autoconfigure.DruidDataSourceWrapper",
      "name": "spring.datasource.druid.transaction-query-timeout",
      "type": "java.lang.Integer"
    },
    {
      "sourceType": "com.duoqio.cloud.datasource.druid.autoconfigure.DruidDataSourceWrapper",
      "name": "spring.datasource.druid.transaction-threshold-millis",
      "type": "java.lang.Long"
    },
    {
      "sourceType": "com.duoqio.cloud.datasource.druid.autoconfigure.DruidDataSourceWrapper",
      "name": "spring.datasource.druid.url",
      "type": "java.lang.String"
    },
    {
      "sourceType": "com.duoqio.cloud.datasource.druid.autoconfigure.DruidDataSourceWrapper",
      "name": "spring.datasource.druid.use-global-data-source-stat",
      "type": "java.lang.Boolean"
    },
    {
      "sourceType": "com.duoqio.cloud.datasource.druid.autoconfigure.DruidDataSourceWrapper",
      "name": "spring.datasource.druid.use-local-session-state",
      "type": "java.lang.Boolean"
    },
    {
      "sourceType": "com.duoqio.cloud.datasource.druid.autoconfigure.DruidDataSourceWrapper",
      "name": "spring.datasource.druid.use-oracle-implicit-cache",
      "type": "java.lang.Boolean"
    },
    {
      "sourceType": "com.duoqio.cloud.datasource.druid.autoconfigure.DruidDataSourceWrapper",
      "name": "spring.datasource.druid.use-unfair-lock",
      "type": "java.lang.Boolean"
    },
    {
      "sourceType": "com.duoqio.cloud.datasource.druid.autoconfigure.DruidDataSourceWrapper",
      "name": "spring.datasource.druid.user-callback",
      "type": "javax.security.auth.callback.NameCallback"
    },
    {
      "sourceType": "com.duoqio.cloud.datasource.druid.autoconfigure.DruidDataSourceWrapper",
      "name": "spring.datasource.druid.username",
      "type": "java.lang.String"
    },
    {
      "sourceType": "com.duoqio.cloud.datasource.druid.autoconfigure.DruidDataSourceWrapper",
      "name": "spring.datasource.druid.valid-connection-checker",
      "type": "com.alibaba.druid.pool.ValidConnectionChecker"
    },
    {
      "sourceType": "com.duoqio.cloud.datasource.druid.autoconfigure.DruidDataSourceWrapper",
      "name": "spring.datasource.druid.valid-connection-checker-class-name",
      "type": "java.lang.String"
    },
    {
      "sourceType": "com.duoqio.cloud.datasource.druid.autoconfigure.DruidDataSourceWrapper",
      "name": "spring.datasource.druid.validation-query",
      "type": "java.lang.String"
    },
    {
      "sourceType": "com.duoqio.cloud.datasource.druid.autoconfigure.DruidDataSourceWrapper",
      "name": "spring.datasource.druid.validation-query-timeout",
      "type": "java.lang.Integer"
    },
    {
      "sourceType": "com.duoqio.cloud.datasource.druid.autoconfigure.DruidDataSourceWrapper",
      "name": "spring.datasource.druid.wall-stat-map",
      "type": "java.util.Map<java.lang.String,java.lang.Object>"
    },
    {
      "sourceType": "com.duoqio.cloud.datasource.druid.properties.DruidStatProperties$WebStatFilter",
      "defaultValue": true,
      "name": "spring.datasource.druid.web-stat-filter.enabled",
      "description": "Enable WebStatFilter.",
      "type": "java.lang.Boolean"
    },
    {
      "sourceType": "com.duoqio.cloud.datasource.druid.properties.DruidStatProperties$WebStatFilter",
      "name": "spring.datasource.druid.web-stat-filter.exclusions",
      "type": "java.lang.String"
    },
    {
      "sourceType": "com.duoqio.cloud.datasource.druid.properties.DruidStatProperties$WebStatFilter",
      "name": "spring.datasource.druid.web-stat-filter.principal-cookie-name",
      "type": "java.lang.String"
    },
    {
      "sourceType": "com.duoqio.cloud.datasource.druid.properties.DruidStatProperties$WebStatFilter",
      "name": "spring.datasource.druid.web-stat-filter.principal-session-name",
      "type": "java.lang.String"
    },
    {
      "sourceType": "com.duoqio.cloud.datasource.druid.properties.DruidStatProperties$WebStatFilter",
      "name": "spring.datasource.druid.web-stat-filter.profile-enable",
      "type": "java.lang.String"
    },
    {
      "sourceType": "com.duoqio.cloud.datasource.druid.properties.DruidStatProperties$WebStatFilter",
      "name": "spring.datasource.druid.web-stat-filter.session-stat-enable",
      "type": "java.lang.String"
    },
    {
      "sourceType": "com.duoqio.cloud.datasource.druid.properties.DruidStatProperties$WebStatFilter",
      "name": "spring.datasource.druid.web-stat-filter.session-stat-max-count",
      "type": "java.lang.String"
    },
    {
      "sourceType": "com.duoqio.cloud.datasource.druid.properties.DruidStatProperties$WebStatFilter",
      "name": "spring.datasource.druid.web-stat-filter.url-pattern",
      "type": "java.lang.String"
    }
  ]
}